<?xml version="1.0" encoding="us-ascii"?>
<PathList xmlns:xsi="http://www.w3.org/2001/XMLSchema-instance" xmlns:xsd="http://www.w3.org/2001/XMLSchema">
  <Path>
    <PathName>BH0_LP</PathName>
    <PathID>0</PathID>
    <AdditionalLoss>0</AdditionalLoss>
    <Cal_Date>7/2/2013 3:55 PM</Cal_Date>
    <TesterID>CNALLURI07291</TesterID>
    <CalCable_PathName>NA</CalCable_PathName>
    <UseCalCable>false</UseCalCable>
    <DataList>
      <Data>
        <Frequency>2412</Frequency>
        <Value>3.32</Value>
        <Delta>0</Delta>
      </Data>
      <Data>
        <Frequency>2417</Frequency>
        <Value>3.14</Value>
        <Delta>0</Delta>
      </Data>
      <Data>
        <Frequency>2422</Frequency>
        <Value>2.84</Value>
        <Delta>0</Delta>
      </Data>
      <Data>
        <Frequency>2427</Frequency>
        <Value>2.59</Value>
        <Delta>0</Delta>
      </Data>
      <Data>
        <Frequency>2432</Frequency>
        <Value>2.29</Value>
        <Delta>0</Delta>
      </Data>
      <Data>
        <Frequency>2437</Frequency>
        <Value>2.15</Value>
        <Delta>0</Delta>
      </Data>
      <Data>
        <Frequency>2442</Frequency>
        <Value>2.1</Value>
        <Delta>0</Delta>
      </Data>
      <Data>
        <Frequency>2447</Frequency>
        <Value>2.15</Value>
        <Delta>0</Delta>
      </Data>
      <Data>
        <Frequency>2452</Frequency>
        <Value>2.32</Value>
        <Delta>0</Delta>
      </Data>
      <Data>
        <Frequency>2457</Frequency>
        <Value>2.68</Value>
        <Delta>0</Delta>
      </Data>
      <Data>
        <Frequency>2462</Frequency>
        <Value>3.03</Value>
        <Delta>0</Delta>
      </Data>
      <Data>
        <Frequency>2467</Frequency>
        <Value>3.29</Value>
        <Delta>0</Delta>
      </Data>
      <Data>
        <Frequency>2472</Frequency>
        <Value>3.43</Value>
        <Delta>0</Delta>
      </Data>
      <Data>
        <Frequency>5080</Frequency>
        <Value>5.13</Value>
        <Delta>0</Delta>
      </Data>
      <Data>
        <Frequency>5170</Frequency>
        <Value>4.84</Value>
        <Delta>0</Delta>
      </Data>
      <Data>
        <Frequency>5180</Frequency>
        <Value>6.41</Value>
        <Delta>0</Delta>
      </Data>
      <Data>
        <Frequency>5190</Frequency>
        <Value>7.8</Value>
        <Delta>0</Delta>
      </Data>
      <Data>
        <Frequency>5200</Frequency>
        <Value>7.08</Value>
        <Delta>0</Delta>
      </Data>
      <Data>
        <Frequency>5210</Frequency>
        <Value>5.35</Value>
        <Delta>0</Delta>
      </Data>
      <Data>
        <Frequency>5220</Frequency>
        <Value>4.34</Value>
        <Delta>0</Delta>
      </Data>
      <Data>
        <Frequency>5230</Frequency>
        <Value>4.49</Value>
        <Delta>0</Delta>
      </Data>
      <Data>
        <Frequency>5240</Frequency>
        <Value>5.74</Value>
        <Delta>0</Delta>
      </Data>
      <Data>
        <Frequency>5250</Frequency>
        <Value>7.17</Value>
        <Delta>0</Delta>
      </Data>
      <Data>
        <Frequency>5260</Frequency>
        <Value>7.35</Value>
        <Delta>0</Delta>
      </Data>
      <Data>
        <Frequency>5270</Frequency>
        <Value>5.9</Value>
        <Delta>0</Delta>
      </Data>
      <Data>
        <Frequency>5280</Frequency>
        <Value>4.67</Value>
        <Delta>0</Delta>
      </Data>
      <Data>
        <Frequency>5290</Frequency>
        <Value>4.41</Value>
        <Delta>0</Delta>
      </Data>
      <Data>
        <Frequency>5300</Frequency>
        <Value>5.01</Value>
        <Delta>0</Delta>
      </Data>
      <Data>
        <Frequency>5310</Frequency>
        <Value>6.12</Value>
        <Delta>0</Delta>
      </Data>
      <Data>
        <Frequency>5320</Frequency>
        <Value>6.77</Value>
        <Delta>0</Delta>
      </Data>
      <Data>
        <Frequency>5500</Frequency>
        <Value>4.42</Value>
        <Delta>0</Delta>
      </Data>
      <Data>
        <Frequency>5510</Frequency>
        <Value>5.59</Value>
        <Delta>0</Delta>
      </Data>
      <Data>
        <Frequency>5520</Frequency>
        <Value>5.65</Value>
        <Delta>0</Delta>
      </Data>
      <Data>
        <Frequency>5530</Frequency>
        <Value>4.69</Value>
        <Delta>0</Delta>
      </Data>
      <Data>
        <Frequency>5540</Frequency>
        <Value>3.75</Value>
        <Delta>0</Delta>
      </Data>
      <Data>
        <Frequency>5550</Frequency>
        <Value>3.57</Value>
        <Delta>0</Delta>
      </Data>
      <Data>
        <Frequency>5560</Frequency>
        <Value>4.19</Value>
        <Delta>0</Delta>
      </Data>
      <Data>
        <Frequency>5570</Frequency>
        <Value>5.27</Value>
        <Delta>0</Delta>
      </Data>
      <Data>
        <Frequency>5580</Frequency>
        <Value>5.58</Value>
        <Delta>0</Delta>
      </Data>
      <Data>
        <Frequency>5590</Frequency>
        <Value>4.68</Value>
        <Delta>0</Delta>
      </Data>
      <Data>
        <Frequency>5600</Frequency>
        <Value>3.39</Value>
        <Delta>0</Delta>
      </Data>
      <Data>
        <Frequency>5610</Frequency>
        <Value>3.07</Value>
        <Delta>0</Delta>
      </Data>
      <Data>
        <Frequency>5620</Frequency>
        <Value>3.65</Value>
        <Delta>0</Delta>
      </Data>
      <Data>
        <Frequency>5630</Frequency>
        <Value>4.46</Value>
        <Delta>0</Delta>
      </Data>
      <Data>
        <Frequency>5640</Frequency>
        <Value>4.8</Value>
        <Delta>0</Delta>
      </Data>
      <Data>
        <Frequency>5660</Frequency>
        <Value>3.06</Value>
        <Delta>0</Delta>
      </Data>
      <Data>
        <Frequency>5670</Frequency>
        <Value>2.64</Value>
        <Delta>0</Delta>
      </Data>
      <Data>
        <Frequency>5680</Frequency>
        <Value>3.09</Value>
        <Delta>0</Delta>
      </Data>
      <Data>
        <Frequency>5690</Frequency>
        <Value>4.32</Value>
        <Delta>0</Delta>
      </Data>
      <Data>
        <Frequency>5700</Frequency>
        <Value>5.59</Value>
        <Delta>0</Delta>
      </Data>
      <Data>
        <Frequency>5710</Frequency>
        <Value>5.68</Value>
        <Delta>0</Delta>
      </Data>
      <Data>
        <Frequency>5720</Frequency>
        <Value>4.65</Value>
        <Delta>0</Delta>
      </Data>
      <Data>
        <Frequency>5745</Frequency>
        <Value>4.09</Value>
        <Delta>0</Delta>
      </Data>
      <Data>
        <Frequency>5755</Frequency>
        <Value>5.27</Value>
        <Delta>0</Delta>
      </Data>
      <Data>
        <Frequency>5765</Frequency>
        <Value>6.54</Value>
        <Delta>0</Delta>
      </Data>
      <Data>
        <Frequency>5775</Frequency>
        <Value>6.45</Value>
        <Delta>0</Delta>
      </Data>
      <Data>
        <Frequency>5785</Frequency>
        <Value>5.35</Value>
        <Delta>0</Delta>
      </Data>
      <Data>
        <Frequency>5795</Frequency>
        <Value>4.59</Value>
        <Delta>0</Delta>
      </Data>
      <Data>
        <Frequency>5805</Frequency>
        <Value>4.38</Value>
        <Delta>0</Delta>
      </Data>
      <Data>
        <Frequency>5825</Frequency>
        <Value>5.48</Value>
        <Delta>0</Delta>
      </Data>
      <Data>
        <Frequency>5845</Frequency>
        <Value>4.96</Value>
        <Delta>0</Delta>
      </Data>
      <Data>
        <Frequency>5865</Frequency>
        <Value>3.74</Value>
        <Delta>0</Delta>
      </Data>
      <Data>
        <Frequency>4920</Frequency>
        <Value>7.15</Value>
        <Delta>0</Delta>
      </Data>
    </DataList>
  </Path>
  <Path>
    <PathName>BH1_LP</PathName>
    <PathID>0</PathID>
    <AdditionalLoss>0</AdditionalLoss>
    <Cal_Date>7/2/2015 3:55 PM</Cal_Date>
    <TesterID>CNALLURI07291</TesterID>
    <CalCable_PathName>NA</CalCable_PathName>
    <UseCalCable>false</UseCalCable>
    <DataList>
      <Data>
        <Frequency>2412</Frequency>
        <Value>3</Value>
        <Delta>0</Delta>
      </Data>
      <Data>
        <Frequency>2417</Frequency>
        <Value>3</Value>
        <Delta>0</Delta>
      </Data>
      <Data>
        <Frequency>2422</Frequency>
        <Value>3</Value>
        <Delta>0</Delta>
      </Data>
      <Data>
        <Frequency>2427</Frequency>
        <Value>3</Value>
        <Delta>0</Delta>
      </Data>
      <Data>
        <Frequency>2432</Frequency>
        <Value>3</Value>
        <Delta>0</Delta>
      </Data>
      <Data>
        <Frequency>2437</Frequency>
        <Value>3</Value>
        <Delta>0</Delta>
      </Data>
      <Data>
        <Frequency>2442</Frequency>
        <Value>3</Value>
        <Delta>0</Delta>
      </Data>
      <Data>
        <Frequency>2447</Frequency>
        <Value>3</Value>
        <Delta>0</Delta>
      </Data>
      <Data>
        <Frequency>2452</Frequency>
        <Value>3</Value>
        <Delta>0</Delta>
      </Data>
      <Data>
        <Frequency>2457</Frequency>
        <Value>3</Value>
        <Delta>0</Delta>
      </Data>
      <Data>
        <Frequency>2462</Frequency>
        <Value>3</Value>
        <Delta>0</Delta>
      </Data>
      <Data>
        <Frequency>2467</Frequency>
        <Value>3</Value>
        <Delta>0</Delta>
      </Data>
      <Data>
        <Frequency>2472</Frequency>
        <Value>3</Value>
        <Delta>0</Delta>
      </Data>
      <Data>
        <Frequency>5080</Frequency>
        <Value>3</Value>
        <Delta>0</Delta>
      </Data>
      <Data>
        <Frequency>5170</Frequency>
        <Value>3</Value>
        <Delta>0</Delta>
      </Data>
      <Data>
        <Frequency>5180</Frequency>
        <Value>3</Value>
        <Delta>0</Delta>
      </Data>
      <Data>
        <Frequency>5190</Frequency>
        <Value>3</Value>
        <Delta>0</Delta>
      </Data>
      <Data>
        <Frequency>5200</Frequency>
        <Value>3</Value>
        <Delta>0</Delta>
      </Data>
      <Data>
        <Frequency>5210</Frequency>
        <Value>3</Value>
        <Delta>0</Delta>
      </Data>
      <Data>
        <Frequency>5220</Frequency>
        <Value>3</Value>
        <Delta>0</Delta>
      </Data>
      <Data>
        <Frequency>5230</Frequency>
        <Value>3</Value>
        <Delta>0</Delta>
      </Data>
      <Data>
        <Frequency>5240</Frequency>
        <Value>3</Value>
        <Delta>0</Delta>
      </Data>
      <Data>
        <Frequency>5250</Frequency>
        <Value>3</Value>
        <Delta>0</Delta>
      </Data>
      <Data>
        <Frequency>5260</Frequency>
        <Value>3</Value>
        <Delta>0</Delta>
      </Data>
      <Data>
        <Frequency>5270</Frequency>
        <Value>3</Value>
        <Delta>0</Delta>
      </Data>
      <Data>
        <Frequency>5280</Frequency>
        <Value>3</Value>
        <Delta>0</Delta>
      </Data>
      <Data>
        <Frequency>5290</Frequency>
        <Value>3</Value>
        <Delta>0</Delta>
      </Data>
      <Data>
        <Frequency>5300</Frequency>
        <Value>3</Value>
        <Delta>0</Delta>
      </Data>
      <Data>
        <Frequency>5310</Frequency>
        <Value>3</Value>
        <Delta>0</Delta>
      </Data>
      <Data>
        <Frequency>5320</Frequency>
        <Value>3</Value>
        <Delta>0</Delta>
      </Data>
      <Data>
        <Frequency>5500</Frequency>
        <Value>3</Value>
        <Delta>0</Delta>
      </Data>
      <Data>
        <Frequency>5510</Frequency>
        <Value>3</Value>
        <Delta>0</Delta>
      </Data>
      <Data>
        <Frequency>5520</Frequency>
        <Value>3</Value>
        <Delta>0</Delta>
      </Data>
      <Data>
        <Frequency>5530</Frequency>
        <Value>3</Value>
        <Delta>0</Delta>
      </Data>
      <Data>
        <Frequency>5540</Frequency>
        <Value>3</Value>
        <Delta>0</Delta>
      </Data>
      <Data>
        <Frequency>5550</Frequency>
        <Value>3</Value>
        <Delta>0</Delta>
      </Data>
      <Data>
        <Frequency>5560</Frequency>
        <Value>3</Value>
        <Delta>0</Delta>
      </Data>
      <Data>
        <Frequency>5570</Frequency>
        <Value>3</Value>
        <Delta>0</Delta>
      </Data>
      <Data>
        <Frequency>5580</Frequency>
        <Value>3</Value>
        <Delta>0</Delta>
      </Data>
      <Data>
        <Frequency>5590</Frequency>
        <Value>3</Value>
        <Delta>0</Delta>
      </Data>
      <Data>
        <Frequency>5600</Frequency>
        <Value>3</Value>
        <Delta>0</Delta>
      </Data>
      <Data>
        <Frequency>5610</Frequency>
        <Value>3</Value>
        <Delta>0</Delta>
      </Data>
      <Data>
        <Frequency>5620</Frequency>
        <Value>3</Value>
        <Delta>0</Delta>
      </Data>
      <Data>
        <Frequency>5630</Frequency>
        <Value>3</Value>
        <Delta>0</Delta>
      </Data>
      <Data>
        <Frequency>5640</Frequency>
        <Value>3</Value>
        <Delta>0</Delta>
      </Data>
      <Data>
        <Frequency>5660</Frequency>
        <Value>3</Value>
        <Delta>0</Delta>
      </Data>
      <Data>
        <Frequency>5670</Frequency>
        <Value>3</Value>
        <Delta>0</Delta>
      </Data>
      <Data>
        <Frequency>5680</Frequency>
        <Value>3</Value>
        <Delta>0</Delta>
      </Data>
      <Data>
        <Frequency>5690</Frequency>
        <Value>3</Value>
        <Delta>0</Delta>
      </Data>
      <Data>
        <Frequency>5700</Frequency>
        <Value>3</Value>
        <Delta>0</Delta>
      </Data>
      <Data>
        <Frequency>5710</Frequency>
        <Value>3</Value>
        <Delta>0</Delta>
      </Data>
      <Data>
        <Frequency>5720</Frequency>
        <Value>3</Value>
        <Delta>0</Delta>
      </Data>
      <Data>
        <Frequency>5745</Frequency>
        <Value>3</Value>
        <Delta>0</Delta>
      </Data>
      <Data>
        <Frequency>5755</Frequency>
        <Value>3</Value>
        <Delta>0</Delta>
      </Data>
      <Data>
        <Frequency>5765</Frequency>
        <Value>3</Value>
        <Delta>0</Delta>
      </Data>
      <Data>
        <Frequency>5775</Frequency>
        <Value>3</Value>
        <Delta>0</Delta>
      </Data>
      <Data>
        <Frequency>5785</Frequency>
        <Value>3</Value>
        <Delta>0</Delta>
      </Data>
      <Data>
        <Frequency>5795</Frequency>
        <Value>3</Value>
        <Delta>0</Delta>
      </Data>
      <Data>
        <Frequency>5805</Frequency>
        <Value>3</Value>
        <Delta>0</Delta>
      </Data>
      <Data>
        <Frequency>5825</Frequency>
        <Value>3</Value>
        <Delta>0</Delta>
      </Data>
      <Data>
        <Frequency>5845</Frequency>
        <Value>3</Value>
        <Delta>0</Delta>
      </Data>
      <Data>
        <Frequency>5865</Frequency>
        <Value>3</Value>
        <Delta>0</Delta>
      </Data>
      <Data>
        <Frequency>4920</Frequency>
        <Value>3</Value>
        <Delta>0</Delta>
      </Data>
    </DataList>
  </Path>
</PathList>