<?xml version="1.0" encoding="us-ascii"?>
<PathList xmlns:xsi="http://www.w3.org/2001/XMLSchema-instance" xmlns:xsd="http://www.w3.org/2001/XMLSchema">
  <Path>
    <PathName>BH0_LP</PathName>
    <PathID>0</PathID>
    <AdditionalLoss>0</AdditionalLoss>
    <Cal_Date>7/2/2013 3:55 PM</Cal_Date>
    <TesterID>CNALLURI07291</TesterID>
    <CalCable_PathName>NA</CalCable_PathName>
    <UseCalCable>false</UseCalCable>
    <DataList>
      <Data>
        <Frequency>2412</Frequency>
        <Value>4.15</Value>
        <Delta>0</Delta>
      </Data>
      <Data>
        <Frequency>2417</Frequency>
        <Value>4.18</Value>
        <Delta>0</Delta>
      </Data>
      <Data>
        <Frequency>2422</Frequency>
        <Value>4.17</Value>
        <Delta>0</Delta>
      </Data>
      <Data>
        <Frequency>2427</Frequency>
        <Value>4.2</Value>
        <Delta>0</Delta>
      </Data>
      <Data>
        <Frequency>2432</Frequency>
        <Value>4.17</Value>
        <Delta>0</Delta>
      </Data>
      <Data>
        <Frequency>2437</Frequency>
        <Value>4.22</Value>
        <Delta>0</Delta>
      </Data>
      <Data>
        <Frequency>2442</Frequency>
        <Value>4.23</Value>
        <Delta>0</Delta>
      </Data>
      <Data>
        <Frequency>2447</Frequency>
        <Value>4.26</Value>
        <Delta>0</Delta>
      </Data>
      <Data>
        <Frequency>2452</Frequency>
        <Value>4.24</Value>
        <Delta>0</Delta>
      </Data>
      <Data>
        <Frequency>2457</Frequency>
        <Value>4.27</Value>
        <Delta>0</Delta>
      </Data>
      <Data>
        <Frequency>2462</Frequency>
        <Value>4.27</Value>
        <Delta>0</Delta>
      </Data>
      <Data>
        <Frequency>2467</Frequency>
        <Value>4.26</Value>
        <Delta>0</Delta>
      </Data>
      <Data>
        <Frequency>2472</Frequency>
        <Value>4.28</Value>
        <Delta>0</Delta>
      </Data>
      <Data>
        <Frequency>5080</Frequency>
        <Value>8.1</Value>
        <Delta>0</Delta>
      </Data>
      <Data>
        <Frequency>5170</Frequency>
        <Value>7.99</Value>
        <Delta>0</Delta>
      </Data>
      <Data>
        <Frequency>5180</Frequency>
        <Value>7.92</Value>
        <Delta>0</Delta>
      </Data>
      <Data>
        <Frequency>5190</Frequency>
        <Value>7.83</Value>
        <Delta>0</Delta>
      </Data>
      <Data>
        <Frequency>5200</Frequency>
        <Value>7.83</Value>
        <Delta>0</Delta>
      </Data>
      <Data>
        <Frequency>5210</Frequency>
        <Value>7.88</Value>
        <Delta>0</Delta>
      </Data>
      <Data>
        <Frequency>5220</Frequency>
        <Value>7.85</Value>
        <Delta>0</Delta>
      </Data>
      <Data>
        <Frequency>5230</Frequency>
        <Value>7.73</Value>
        <Delta>0</Delta>
      </Data>
      <Data>
        <Frequency>5240</Frequency>
        <Value>7.68</Value>
        <Delta>0</Delta>
      </Data>
      <Data>
        <Frequency>5250</Frequency>
        <Value>7.48</Value>
        <Delta>0</Delta>
      </Data>
      <Data>
        <Frequency>5260</Frequency>
        <Value>7.4</Value>
        <Delta>0</Delta>
      </Data>
      <Data>
        <Frequency>5270</Frequency>
        <Value>7.34</Value>
        <Delta>0</Delta>
      </Data>
      <Data>
        <Frequency>5280</Frequency>
        <Value>7.32</Value>
        <Delta>0</Delta>
      </Data>
      <Data>
        <Frequency>5290</Frequency>
        <Value>7.34</Value>
        <Delta>0</Delta>
      </Data>
      <Data>
        <Frequency>5300</Frequency>
        <Value>7.36</Value>
        <Delta>0</Delta>
      </Data>
      <Data>
        <Frequency>5310</Frequency>
        <Value>7.4</Value>
        <Delta>0</Delta>
      </Data>
      <Data>
        <Frequency>5320</Frequency>
        <Value>7.4</Value>
        <Delta>0</Delta>
      </Data>
      <Data>
        <Frequency>5500</Frequency>
        <Value>6.97</Value>
        <Delta>0</Delta>
      </Data>
      <Data>
        <Frequency>5510</Frequency>
        <Value>6.97</Value>
        <Delta>0</Delta>
      </Data>
      <Data>
        <Frequency>5520</Frequency>
        <Value>6.86</Value>
        <Delta>0</Delta>
      </Data>
      <Data>
        <Frequency>5530</Frequency>
        <Value>6.77</Value>
        <Delta>0</Delta>
      </Data>
      <Data>
        <Frequency>5540</Frequency>
        <Value>6.6</Value>
        <Delta>0</Delta>
      </Data>
      <Data>
        <Frequency>5550</Frequency>
        <Value>6.49</Value>
        <Delta>0</Delta>
      </Data>
      <Data>
        <Frequency>5560</Frequency>
        <Value>6.48</Value>
        <Delta>0</Delta>
      </Data>
      <Data>
        <Frequency>5570</Frequency>
        <Value>6.52</Value>
        <Delta>0</Delta>
      </Data>
      <Data>
        <Frequency>5580</Frequency>
        <Value>6.66</Value>
        <Delta>0</Delta>
      </Data>
      <Data>
        <Frequency>5590</Frequency>
        <Value>6.7</Value>
        <Delta>0</Delta>
      </Data>
      <Data>
        <Frequency>5600</Frequency>
        <Value>6.74</Value>
        <Delta>0</Delta>
      </Data>
      <Data>
        <Frequency>5610</Frequency>
        <Value>6.73</Value>
        <Delta>0</Delta>
      </Data>
      <Data>
        <Frequency>5620</Frequency>
        <Value>6.76</Value>
        <Delta>0</Delta>
      </Data>
      <Data>
        <Frequency>5630</Frequency>
        <Value>6.78</Value>
        <Delta>0</Delta>
      </Data>
      <Data>
        <Frequency>5640</Frequency>
        <Value>6.74</Value>
        <Delta>0</Delta>
      </Data>
      <Data>
        <Frequency>5660</Frequency>
        <Value>6.73</Value>
        <Delta>0</Delta>
      </Data>
      <Data>
        <Frequency>5670</Frequency>
        <Value>6.76</Value>
        <Delta>0</Delta>
      </Data>
      <Data>
        <Frequency>5680</Frequency>
        <Value>6.88</Value>
        <Delta>0</Delta>
      </Data>
      <Data>
        <Frequency>5690</Frequency>
        <Value>6.93</Value>
        <Delta>0</Delta>
      </Data>
      <Data>
        <Frequency>5700</Frequency>
        <Value>7</Value>
        <Delta>0</Delta>
      </Data>
      <Data>
        <Frequency>5710</Frequency>
        <Value>7.05</Value>
        <Delta>0</Delta>
      </Data>
      <Data>
        <Frequency>5720</Frequency>
        <Value>7.11</Value>
        <Delta>0</Delta>
      </Data>
      <Data>
        <Frequency>5745</Frequency>
        <Value>7.4</Value>
        <Delta>0</Delta>
      </Data>
      <Data>
        <Frequency>5755</Frequency>
        <Value>7.45</Value>
        <Delta>0</Delta>
      </Data>
      <Data>
        <Frequency>5765</Frequency>
        <Value>7.42</Value>
        <Delta>0</Delta>
      </Data>
      <Data>
        <Frequency>5775</Frequency>
        <Value>7.28</Value>
        <Delta>0</Delta>
      </Data>
      <Data>
        <Frequency>5785</Frequency>
        <Value>7.26</Value>
        <Delta>0</Delta>
      </Data>
      <Data>
        <Frequency>5795</Frequency>
        <Value>7.27</Value>
        <Delta>0</Delta>
      </Data>
      <Data>
        <Frequency>5805</Frequency>
        <Value>7.33</Value>
        <Delta>0</Delta>
      </Data>
      <Data>
        <Frequency>5825</Frequency>
        <Value>7.62</Value>
        <Delta>0</Delta>
      </Data>
      <Data>
        <Frequency>5845</Frequency>
        <Value>7.87</Value>
        <Delta>0</Delta>
      </Data>
      <Data>
        <Frequency>5865</Frequency>
        <Value>7.83</Value>
        <Delta>0</Delta>
      </Data>
      <Data>
        <Frequency>4920</Frequency>
        <Value>8.67</Value>
        <Delta>0</Delta>
      </Data>
    </DataList>
  </Path>
  <Path>
    <PathName>BH1_LP</PathName>
    <PathID>0</PathID>
    <AdditionalLoss>0</AdditionalLoss>
    <Cal_Date>7/2/2015 3:55 PM</Cal_Date>
    <TesterID>CNALLURI07291</TesterID>
    <CalCable_PathName>NA</CalCable_PathName>
    <UseCalCable>false</UseCalCable>
    <DataList>
      <Data>
        <Frequency>2412</Frequency>
        <Value>4.23</Value>
        <Delta>0</Delta>
      </Data>
      <Data>
        <Frequency>2417</Frequency>
        <Value>4.17</Value>
        <Delta>0</Delta>
      </Data>
      <Data>
        <Frequency>2422</Frequency>
        <Value>4.05</Value>
        <Delta>0</Delta>
      </Data>
      <Data>
        <Frequency>2427</Frequency>
        <Value>4.07</Value>
        <Delta>0</Delta>
      </Data>
      <Data>
        <Frequency>2432</Frequency>
        <Value>4.05</Value>
        <Delta>0</Delta>
      </Data>
      <Data>
        <Frequency>2437</Frequency>
        <Value>4.1</Value>
        <Delta>0</Delta>
      </Data>
      <Data>
        <Frequency>2442</Frequency>
        <Value>4.13</Value>
        <Delta>0</Delta>
      </Data>
      <Data>
        <Frequency>2447</Frequency>
        <Value>4.12</Value>
        <Delta>0</Delta>
      </Data>
      <Data>
        <Frequency>2452</Frequency>
        <Value>4.09</Value>
        <Delta>0</Delta>
      </Data>
      <Data>
        <Frequency>2457</Frequency>
        <Value>4.19</Value>
        <Delta>0</Delta>
      </Data>
      <Data>
        <Frequency>2462</Frequency>
        <Value>4.21</Value>
        <Delta>0</Delta>
      </Data>
      <Data>
        <Frequency>2467</Frequency>
        <Value>4.21</Value>
        <Delta>0</Delta>
      </Data>
      <Data>
        <Frequency>2472</Frequency>
        <Value>4.21</Value>
        <Delta>0</Delta>
      </Data>
      <Data>
        <Frequency>5080</Frequency>
        <Value>7.98</Value>
        <Delta>0</Delta>
      </Data>
      <Data>
        <Frequency>5170</Frequency>
        <Value>8.26</Value>
        <Delta>0</Delta>
      </Data>
      <Data>
        <Frequency>5180</Frequency>
        <Value>8.26</Value>
        <Delta>0</Delta>
      </Data>
      <Data>
        <Frequency>5190</Frequency>
        <Value>8.32</Value>
        <Delta>0</Delta>
      </Data>
      <Data>
        <Frequency>5200</Frequency>
        <Value>8.5</Value>
        <Delta>0</Delta>
      </Data>
      <Data>
        <Frequency>5210</Frequency>
        <Value>8.77</Value>
        <Delta>0</Delta>
      </Data>
      <Data>
        <Frequency>5220</Frequency>
        <Value>8.84</Value>
        <Delta>0</Delta>
      </Data>
      <Data>
        <Frequency>5230</Frequency>
        <Value>8.76</Value>
        <Delta>0</Delta>
      </Data>
      <Data>
        <Frequency>5240</Frequency>
        <Value>8.61</Value>
        <Delta>0</Delta>
      </Data>
      <Data>
        <Frequency>5250</Frequency>
        <Value>8.25</Value>
        <Delta>0</Delta>
      </Data>
      <Data>
        <Frequency>5260</Frequency>
        <Value>8.03</Value>
        <Delta>0</Delta>
      </Data>
      <Data>
        <Frequency>5270</Frequency>
        <Value>7.91</Value>
        <Delta>0</Delta>
      </Data>
      <Data>
        <Frequency>5280</Frequency>
        <Value>7.85</Value>
        <Delta>0</Delta>
      </Data>
      <Data>
        <Frequency>5290</Frequency>
        <Value>7.86</Value>
        <Delta>0</Delta>
      </Data>
      <Data>
        <Frequency>5300</Frequency>
        <Value>7.83</Value>
        <Delta>0</Delta>
      </Data>
      <Data>
        <Frequency>5310</Frequency>
        <Value>7.88</Value>
        <Delta>0</Delta>
      </Data>
      <Data>
        <Frequency>5320</Frequency>
        <Value>7.86</Value>
        <Delta>0</Delta>
      </Data>
      <Data>
        <Frequency>5500</Frequency>
        <Value>6.9</Value>
        <Delta>0</Delta>
      </Data>
      <Data>
        <Frequency>5510</Frequency>
        <Value>6.9</Value>
        <Delta>0</Delta>
      </Data>
      <Data>
        <Frequency>5520</Frequency>
        <Value>6.91</Value>
        <Delta>0</Delta>
      </Data>
      <Data>
        <Frequency>5530</Frequency>
        <Value>6.82</Value>
        <Delta>0</Delta>
      </Data>
      <Data>
        <Frequency>5540</Frequency>
        <Value>6.61</Value>
        <Delta>0</Delta>
      </Data>
      <Data>
        <Frequency>5550</Frequency>
        <Value>6.47</Value>
        <Delta>0</Delta>
      </Data>
      <Data>
        <Frequency>5560</Frequency>
        <Value>6.43</Value>
        <Delta>0</Delta>
      </Data>
      <Data>
        <Frequency>5570</Frequency>
        <Value>6.43</Value>
        <Delta>0</Delta>
      </Data>
      <Data>
        <Frequency>5580</Frequency>
        <Value>6.54</Value>
        <Delta>0</Delta>
      </Data>
      <Data>
        <Frequency>5590</Frequency>
        <Value>6.7</Value>
        <Delta>0</Delta>
      </Data>
      <Data>
        <Frequency>5600</Frequency>
        <Value>6.72</Value>
        <Delta>0</Delta>
      </Data>
      <Data>
        <Frequency>5610</Frequency>
        <Value>6.8</Value>
        <Delta>0</Delta>
      </Data>
      <Data>
        <Frequency>5620</Frequency>
        <Value>6.93</Value>
        <Delta>0</Delta>
      </Data>
      <Data>
        <Frequency>5630</Frequency>
        <Value>6.99</Value>
        <Delta>0</Delta>
      </Data>
      <Data>
        <Frequency>5640</Frequency>
        <Value>6.81</Value>
        <Delta>0</Delta>
      </Data>
      <Data>
        <Frequency>5660</Frequency>
        <Value>6.67</Value>
        <Delta>0</Delta>
      </Data>
      <Data>
        <Frequency>5670</Frequency>
        <Value>6.81</Value>
        <Delta>0</Delta>
      </Data>
      <Data>
        <Frequency>5680</Frequency>
        <Value>6.91</Value>
        <Delta>0</Delta>
      </Data>
      <Data>
        <Frequency>5690</Frequency>
        <Value>7.03</Value>
        <Delta>0</Delta>
      </Data>
      <Data>
        <Frequency>5700</Frequency>
        <Value>7.04</Value>
        <Delta>0</Delta>
      </Data>
      <Data>
        <Frequency>5710</Frequency>
        <Value>7.01</Value>
        <Delta>0</Delta>
      </Data>
      <Data>
        <Frequency>5720</Frequency>
        <Value>7.02</Value>
        <Delta>0</Delta>
      </Data>
      <Data>
        <Frequency>5745</Frequency>
        <Value>7.22</Value>
        <Delta>0</Delta>
      </Data>
      <Data>
        <Frequency>5755</Frequency>
        <Value>7.42</Value>
        <Delta>0</Delta>
      </Data>
      <Data>
        <Frequency>5765</Frequency>
        <Value>7.57</Value>
        <Delta>0</Delta>
      </Data>
      <Data>
        <Frequency>5775</Frequency>
        <Value>7.5</Value>
        <Delta>0</Delta>
      </Data>
      <Data>
        <Frequency>5785</Frequency>
        <Value>7.43</Value>
        <Delta>0</Delta>
      </Data>
      <Data>
        <Frequency>5795</Frequency>
        <Value>7.46</Value>
        <Delta>0</Delta>
      </Data>
      <Data>
        <Frequency>5805</Frequency>
        <Value>7.47</Value>
        <Delta>0</Delta>
      </Data>
      <Data>
        <Frequency>5825</Frequency>
        <Value>7.64</Value>
        <Delta>0</Delta>
      </Data>
      <Data>
        <Frequency>5845</Frequency>
        <Value>8.02</Value>
        <Delta>0</Delta>
      </Data>
      <Data>
        <Frequency>5865</Frequency>
        <Value>8.61</Value>
        <Delta>0</Delta>
      </Data>
      <Data>
        <Frequency>4920</Frequency>
        <Value>8.86</Value>
        <Delta>0</Delta>
      </Data>
    </DataList>
  </Path>
</PathList>